{"cameraMode":{"drawMode":0,"name":"Shaded","section":"Shading Mode"},"sceneLighting":false,"audioPlay":false,"sceneViewState":{"showFog":true,"showMaterialUpdate":false,"showSkybox":false,"showFlares":true,"showImageEffects":true,"showParticleSystems":true,"showVisualEffectGraphs":true,"m_FxEnabled":true},"in2DMode":false,"pivot":{"x":-0.771855354309082,"y":6.927957057952881,"z":-25.674291610717775},"rotation":{"x":0.10958369076251984,"y":0.010431569069623948,"z":-0.0011515376390889288,"w":0.99393230676651},"size":3.8829901218414308,"orthographic":false}