{"cameraMode":{"drawMode":0,"name":"Shaded","section":"Shading Mode"},"sceneLighting":true,"audioPlay":false,"sceneViewState":{"showFog":true,"showMaterialUpdate":false,"showSkybox":true,"showFlares":true,"showImageEffects":true,"showParticleSystems":true,"showVisualEffectGraphs":true,"m_FxEnabled":true},"in2DMode":false,"pivot":{"x":-4.119133949279785,"y":-9.912090301513672,"z":20.252702713012697},"rotation":{"x":0.18985441327095033,"y":-0.11312496662139893,"z":0.022029129788279535,"w":0.9750379323959351},"size":24.516204833984376,"orthographic":false}