{"cameraMode":{"drawMode":0,"name":"Shaded","section":"Shading Mode"},"sceneLighting":true,"audioPlay":false,"sceneViewState":{"showFog":true,"showMaterialUpdate":false,"showSkybox":true,"showFlares":true,"showImageEffects":true,"showParticleSystems":true,"showVisualEffectGraphs":true,"m_FxEnabled":true},"in2DMode":false,"pivot":{"x":-0.013620376586914063,"y":-2.248713493347168,"z":13.75634479522705},"rotation":{"x":0.22091984748840333,"y":-0.6970155239105225,"z":0.24132952094078065,"w":0.6380916237831116},"size":13.314268112182618,"orthographic":false}