{"cameraMode":{"drawMode":0,"name":"Shaded","section":"Shading Mode"},"sceneLighting":true,"audioPlay":false,"sceneViewState":{"showFog":true,"showMaterialUpdate":false,"showSkybox":true,"showFlares":true,"showImageEffects":true,"showParticleSystems":true,"showVisualEffectGraphs":true,"m_FxEnabled":true},"in2DMode":false,"pivot":{"x":1.937692642211914,"y":-0.7566304206848145,"z":-3.6431055068969728},"rotation":{"x":0.12445004284381867,"y":-0.023815706372261049,"z":0.002987924963235855,"w":0.9919363856315613},"size":9.84091854095459,"orthographic":false}