{"cameraMode":{"drawMode":0,"name":"Shaded","section":"Shading Mode"},"sceneLighting":true,"audioPlay":false,"sceneViewState":{"showFog":true,"showMaterialUpdate":false,"showSkybox":true,"showFlares":true,"showImageEffects":true,"showParticleSystems":true,"showVisualEffectGraphs":true,"m_FxEnabled":true},"in2DMode":false,"pivot":{"x":7.436370372772217,"y":-1.9079530239105225,"z":17.318130493164064},"rotation":{"x":0.3692626357078552,"y":0.020903028547763826,"z":-0.008306439034640789,"w":0.9290711879730225},"size":9.226512908935547,"orthographic":false}