{"cameraMode":{"drawMode":0,"name":"Shaded","section":"Shading Mode"},"sceneLighting":false,"audioPlay":false,"sceneViewState":{"showFog":true,"showMaterialUpdate":false,"showSkybox":false,"showFlares":true,"showImageEffects":true,"showParticleSystems":true,"showVisualEffectGraphs":true,"m_FxEnabled":true},"in2DMode":false,"pivot":{"x":-0.7944775819778442,"y":3.4405245780944826,"z":-18.431495666503908},"rotation":{"x":0.06768465787172318,"y":0.046371784061193469,"z":-0.0031510484404861929,"w":0.996631920337677},"size":-6.617006301879883,"orthographic":false}